Title;URL;Path
(883) How to Install WineHQ 7 on Linux Mint 20.3 Una | Installing Wine on Linux Mint 20.3 in easy Steps - YouTube;https://www.youtube.com/watch?v=dTK-HCbUVpQ;Other Bookmarks > moe
Get Help;https://support.mozilla.org/products/firefox;Other Bookmarks > moe > Mozilla Firefox
Customize Firefox;https://support.mozilla.org/kb/customize-firefox-controls-buttons-and-toolbars?utm_source=firefox-browser&utm_medium=default-bookmarks&utm_campaign=customize;Other Bookmarks > moe > Mozilla Firefox
Get Involved;https://www.mozilla.org/contribute/;Other Bookmarks > moe > Mozilla Firefox
About Us;https://www.mozilla.org/about/;Other Bookmarks > moe > Mozilla Firefox
CockyBoys twink bottom superstar Ben Masters gets fucked by muscle stud Sean Zevran - XVIDEOS.COM;https://www.xvideos.com/video.iuemcufed88/cockyboys_twink_bottom_superstar_ben_masters_gets_fucked_by_muscle_stud_sean_zevran;Other Bookmarks > moe
BLA - Frat boy With A Large rod Nail A Sluty Bottom - Gay SuperMan;https://www.gaysuperman.com/category/bitch#bla-frat-boy-with-a-large-rod-nail-a-sluty-bottom_1701931.html;Other Bookmarks > moe
Disruptive - Johnny Ford Goes To Town on Innocent Jock's Tight Ass - Ben Masters - XVIDEOS.COM;https://www.xvideos.com/video.umbtvhfbf83/disruptive_-_johnny_ford_goes_to_town_on_innocent_jock_s_tight_ass_-_ben_masters;Other Bookmarks > moe
Donny fucks Nicoli bareback - XVIDEOS.COM;https://www.xvideos.com/video.dbeufh9850/donny_fucks_nicoli_bareback;Other Bookmarks > moe
Download The.Northman.2022.1080p.AMZN.WEBRip.DDP5.1.Atmos.x264-NOGRP Torrent | 1337x;https://www.1377x.to/torrent/5250606/The-Northman-2022-1080p-AMZN-WEBRip-DDP5-1-Atmos-x264-NOGRP/;Other Bookmarks > moe
Facebook;https://www.facebook.com/;Other Bookmarks > moe
Facebook;https://www.facebook.com/;Other Bookmarks > moe
Getting Started;https://www.mozilla.org/firefox/?utm_medium=firefox-desktop&utm_source=bookmarks-toolbar&utm_campaign=new-users&utm_content=-global;Other Bookmarks > moe
Getting Started;https://www.mozilla.org/firefox/central/;Other Bookmarks > moe
Handsome Malik Delgaty Are Having Some Gay Fun With Ryan Bailey Until His Girlfriend Catches Them - TWINKPOP - XVIDEOS.COM;https://www.xvideos.com/video.uammeum43b8/handsome_malik_delgaty_are_having_some_gay_fun_with_ryan_bailey_until_his_girlfriend_catches_them_-_twinkpop;Other Bookmarks > moe
How To Install & Use QEMU/KVM/VirtManager in Linux | SETUP Virtual Machine With QEMU/KVM 2022 - YouTube;https://www.youtube.com/watch?v=YUCDUPg9LFc;Other Bookmarks > moe
https://addons.mozilla.org/en-US/android/search/?sort=hotness&type=extension&page=2;https://addons.mozilla.org/en-US/android/search/?sort=hotness&type=extension&page=2;Other Bookmarks > moe
Online Video Downloader - Ummy;https://ummy.net/en104vO/;Other Bookmarks > moe
Online Video Downloader - Ummy;https://ummy.net/en120OE/;Other Bookmarks > moe
Redneck Breeding: American Gay Anal Anal Porn | xHamster;https://xhamster.com/videos/redneck-breeding-xh5ljkc;Other Bookmarks > moe
Wild anal sex with jocks Darius Ferdynand and Billy Rubens - XVIDEOS.COM;https://www.xvideos.com/video.kalobfd9c3b/wild_anal_sex_with_jocks_darius_ferdynand_and_billy_rubens;Other Bookmarks > moe
bashir3694/books: my bookmark server;https://github.com/bashir3694/books;Other Bookmarks > moe
